<?xml version="1.0"?>
<project version="0.12.3" title="">
  <file path="AnswerController.php" hash="fcc0824df474531d9d7d1a51c33ed228">
    <docblock>
      <description>AnswerController controls the answer objects behaviour</description>
      <long-description>&lt;p&gt;PHP version 5&lt;/p&gt;

&lt;p&gt;LICENSE: This source file is subject to version 3.01 of the PHP license
that is available through the world-wide-web at the following URI:
http://www.php.net/license/3_01.txt.  If you did not receive a copy of
the PHP License and are unable to obtain it through the web, please
send a note to license@php.net so we can mail you a copy immediately.&lt;/p&gt;
</long-description>
      <tag name="category" description="Mini-Framework"/>
      <tag name="package" description="Answer"/>
      <tag name="author" description="Titus Abele &amp;lt;titus.abele@he-arc.ch&amp;gt;"/>
      <tag name="author" description="Miguel Moreira &amp;lt;miguel.moreira@he-arc.ch&amp;gt;"/>
    </docblock>
    <include type="Require" line="24">
      <name>app/models/Answer.php</name>
    </include>
    <include type="Require" line="27">
      <name>app/models/Comment.php</name>
    </include>
    <class final="false" abstract="false" line="32" namespace="default">
      <name>AnswerController</name>
      <extends/>
      <full_name>\AnswerController</full_name>
      <method final="false" abstract="false" static="false" visibility="public" line="42">
        <name>index</name>
        <docblock>
          <description>index() displays the list of answers</description>
          <long-description>
</long-description>
          <tag name="return" description="" type="void" line="36">
            <type by_reference="false">void</type>
          </tag>
          <tag name="deprecated" description="since pre-release" line="36"/>
        </docblock>
      </method>
      <method final="false" abstract="false" static="false" visibility="public" line="64">
        <name>showAddView</name>
        <docblock>
          <description>showAddView() displays the form to add a new answer</description>
          <long-description>
</long-description>
          <tag name="return" description="" type="void" line="58">
            <type by_reference="false">void</type>
          </tag>
          <tag name="deprecated" description="since pre-release" line="58"/>
        </docblock>
      </method>
      <method final="false" abstract="false" static="false" visibility="public" line="85">
        <name>parseInput</name>
        <docblock>
          <description>parseInput() parses the input from the form and creates a new answer</description>
          <long-description>
</long-description>
          <tag name="return" description="" type="void" line="80">
            <type by_reference="false">void</type>
          </tag>
        </docblock>
      </method>
      <method final="false" abstract="false" static="false" visibility="public" line="148">
        <name>userAnswers</name>
        <docblock>
          <description>userAnswers() displays the list of answers of a user</description>
          <long-description>
</long-description>
          <tag name="return" description="" type="void" line="143">
            <type by_reference="false">void</type>
          </tag>
        </docblock>
      </method>
      <method final="false" abstract="false" static="false" visibility="public" line="168">
        <name>edit</name>
        <docblock>
          <description>edit() displays the form to edit an answer</description>
          <long-description>
</long-description>
          <tag name="return" description="" type="void" line="163">
            <type by_reference="false">void</type>
          </tag>
        </docblock>
      </method>
      <method final="false" abstract="false" static="false" visibility="public" line="206">
        <name>parseEditForm</name>
        <docblock>
          <description>parseEditForm() parses the input from the form and updates the answer</description>
          <long-description>
</long-description>
          <tag name="return" description="" type="void" line="201">
            <type by_reference="false">void</type>
          </tag>
        </docblock>
      </method>
      <method final="false" abstract="false" static="false" visibility="public" line="265">
        <name>delete</name>
        <docblock>
          <description>delete() deletes an answer</description>
          <long-description>
</long-description>
          <tag name="return" description="" type="void" line="260">
            <type by_reference="false">void</type>
          </tag>
        </docblock>
      </method>
      <method final="false" abstract="false" static="false" visibility="public" line="285">
        <name>addCommentAnswer</name>
        <docblock>
          <description>addCommentAnswer() adds a comment to an answer</description>
          <long-description>
</long-description>
          <tag name="return" description="" type="void" line="280">
            <type by_reference="false">void</type>
          </tag>
        </docblock>
      </method>
    </class>
  </file>
  <file path="CommentController.php" hash="2ec6dc1688a63625b3b3a6f87b140f63">
    <include type="Require" line="4">
      <name>app/models/Comment.php</name>
    </include>
    <class final="false" abstract="false" line="6" namespace="default">
      <name>CommentController</name>
      <extends/>
      <full_name>\CommentController</full_name>
      <method final="false" abstract="false" static="false" visibility="public" line="8">
        <name>index</name>
      </method>
      <method final="false" abstract="false" static="false" visibility="public" line="22">
        <name>showAddView</name>
      </method>
      <method final="false" abstract="false" static="false" visibility="public" line="39">
        <name>parseInput</name>
        <docblock>
          <description>Function to add an comment to the database</description>
          <long-description>
</long-description>
        </docblock>
      </method>
      <method final="false" abstract="false" static="false" visibility="public" line="96">
        <name>userComments</name>
      </method>
      <method final="false" abstract="false" static="false" visibility="public" line="109">
        <name>edit</name>
      </method>
      <method final="false" abstract="false" static="false" visibility="public" line="143">
        <name>parseEditForm</name>
        <docblock>
          <description>Function to parse edit form input</description>
          <long-description>
</long-description>
        </docblock>
      </method>
      <method final="false" abstract="false" static="false" visibility="public" line="210">
        <name>delete</name>
        <docblock>
          <description>Delete comment</description>
          <long-description>
</long-description>
        </docblock>
      </method>
    </class>
  </file>
  <file path="LoginController.php" hash="c0a8796e173cb1374cf44690d7f61eff">
    <include type="Require" line="4">
      <name>app/models/Login.php</name>
    </include>
    <class final="false" abstract="false" line="6" namespace="default">
      <name>LoginController</name>
      <extends/>
      <full_name>\LoginController</full_name>
      <method final="false" abstract="false" static="false" visibility="public" line="8">
        <name>index</name>
      </method>
      <method final="false" abstract="false" static="false" visibility="public" line="31">
        <name>parseInput</name>
      </method>
      <method final="false" abstract="false" static="false" visibility="public" line="54">
        <name>newAccount</name>
      </method>
      <method final="false" abstract="false" static="false" visibility="public" line="69">
        <name>addAccount</name>
      </method>
      <method final="false" abstract="false" static="false" visibility="public" line="102">
        <name>logout</name>
      </method>
      <method final="false" abstract="false" static="false" visibility="public" line="108">
        <name>loginLogout</name>
      </method>
    </class>
  </file>
  <file path="QuestionController.php" hash="eb28794292ca74548608e720326df11a">
    <include type="Require" line="4">
      <name>app/models/Question.php</name>
    </include>
    <include type="Require" line="7">
      <name>app/models/Answer.php</name>
    </include>
    <class final="false" abstract="false" line="10" namespace="default">
      <name>QuestionController</name>
      <extends/>
      <full_name>\QuestionController</full_name>
      <method final="false" abstract="false" static="false" visibility="public" line="16">
        <name>index</name>
      </method>
      <method final="false" abstract="false" static="false" visibility="public" line="24">
        <name>fetchAllQuestions</name>
      </method>
      <method final="false" abstract="false" static="false" visibility="public" line="57">
        <name>showAddView</name>
      </method>
      <method final="false" abstract="false" static="false" visibility="public" line="74">
        <name>parseInput</name>
        <docblock>
          <description>Function to add a question to the database</description>
          <long-description>
</long-description>
        </docblock>
      </method>
      <method final="false" abstract="false" static="false" visibility="public" line="158">
        <name>edit</name>
      </method>
      <method final="false" abstract="false" static="false" visibility="public" line="189">
        <name>parseEditForm</name>
        <docblock>
          <description>Function to parse edit form input</description>
          <long-description>
</long-description>
        </docblock>
      </method>
      <method final="false" abstract="false" static="false" visibility="public" line="261">
        <name>delete</name>
        <docblock>
          <description>Delete question</description>
          <long-description>
</long-description>
        </docblock>
      </method>
      <method final="false" abstract="false" static="false" visibility="public" line="283">
        <name>showQuestion</name>
        <docblock>
          <description>Show a single question from QUERY_STRING</description>
          <long-description>
</long-description>
        </docblock>
      </method>
      <method final="false" abstract="false" static="false" visibility="public" line="302">
        <name>getAnswersComments</name>
        <argument line="302">
          <name>$question</name>
          <default/>
          <type/>
        </argument>
      </method>
      <method final="false" abstract="false" static="false" visibility="public" line="368">
        <name>addComment</name>
        <docblock>
          <description>Add a comment to a question</description>
          <long-description>
</long-description>
        </docblock>
      </method>
      <method final="false" abstract="false" static="false" visibility="public" line="399">
        <name>addAnswer</name>
        <docblock>
          <description>Add an answer to a question</description>
          <long-description>
</long-description>
        </docblock>
      </method>
      <method final="false" abstract="false" static="false" visibility="public" line="428">
        <name>userPosts</name>
      </method>
    </class>
  </file>
  <package name=""/>
  <package name="Answer"/>
  <namespace name="default"/>
  <marker>todo</marker>
  <marker>fixme</marker>
</project>
